MapDate,StateAbbreviation,None,D0,D1,D2,D3,D4,ValidStart,ValidEnd,StatisticFormatID
20160531,TX,98.62,1.38,0.00,0.00,0.00,0.00,2016-05-31,2016-06-06,2
20160524,TX,97.30,2.70,0.00,0.00,0.00,0.00,2016-05-24,2016-05-30,2
20160517,TX,97.40,2.51,0.09,0.00,0.00,0.00,2016-05-17,2016-05-23,2
20160510,TX,90.05,9.21,0.73,0.00,0.00,0.00,2016-05-10,2016-05-16,2
20160503,TX,89.33,9.59,1.08,0.00,0.00,0.00,2016-05-03,2016-05-09,2
20160426,TX,86.91,10.81,2.01,0.27,0.00,0.00,2016-04-26,2016-05-02,2
20160419,TX,80.58,14.83,4.24,0.35,0.00,0.00,2016-04-19,2016-04-25,2
20160412,TX,74.56,21.38,4.06,0.00,0.00,0.00,2016-04-12,2016-04-18,2
20160405,TX,74.03,22.03,3.94,0.00,0.00,0.00,2016-04-05,2016-04-11,2
20160329,TX,75.15,21.88,2.96,0.00,0.00,0.00,2016-03-29,2016-04-04,2
20160322,TX,85.64,13.67,0.68,0.00,0.00,0.00,2016-03-22,2016-03-28,2
20160315,TX,88.58,11.30,0.12,0.00,0.00,0.00,2016-03-15,2016-03-21,2
20160308,TX,69.32,29.21,1.47,0.00,0.00,0.00,2016-03-08,2016-03-14,2
20160301,TX,75.35,23.56,1.09,0.00,0.00,0.00,2016-03-01,2016-03-07,2
20160223,TX,77.62,21.59,0.79,0.00,0.00,0.00,2016-02-23,2016-02-29,2
20160216,TX,55.16,41.26,3.57,0.00,0.00,0.00,2016-02-16,2016-02-22,2
20160209,TX,88.01,11.99,0.00,0.00,0.00,0.00,2016-02-09,2016-02-15,2
20160202,TX,97.66,2.34,0.00,0.00,0.00,0.00,2016-02-02,2016-02-08,2
20160126,TX,98.05,1.95,0.00,0.00,0.00,0.00,2016-01-26,2016-02-01,2
20160119,TX,98.31,1.69,0.00,0.00,0.00,0.00,2016-01-19,2016-01-25,2
20160112,TX,98.31,1.69,0.00,0.00,0.00,0.00,2016-01-12,2016-01-18,2
20160105,TX,98.31,1.69,0.00,0.00,0.00,0.00,2016-01-05,2016-01-11,2
20151229,TX,95.48,4.52,0.00,0.00,0.00,0.00,2015-12-29,2016-01-04,2
20151222,TX,96.07,3.93,0.00,0.00,0.00,0.00,2015-12-22,2015-12-28,2
20151215,TX,96.82,3.18,0.00,0.00,0.00,0.00,2015-12-15,2015-12-21,2
20151208,TX,97.17,2.83,0.00,0.00,0.00,0.00,2015-12-08,2015-12-14,2
20151201,TX,96.38,3.62,0.00,0.00,0.00,0.00,2015-12-01,2015-12-07,2
20151124,TX,92.65,6.74,0.61,0.00,0.00,0.00,2015-11-24,2015-11-30,2
20151117,TX,90.41,8.98,0.61,0.00,0.00,0.00,2015-11-17,2015-11-23,2
20151110,TX,90.15,9.24,0.61,0.00,0.00,0.00,2015-11-10,2015-11-16,2
20151103,TX,78.47,17.25,4.28,0.00,0.00,0.00,2015-11-03,2015-11-09,2
20151027,TX,56.34,28.00,12.82,2.85,0.00,0.00,2015-10-27,2015-11-02,2
20151020,TX,34.75,14.97,8.40,20.48,15.87,5.52,2015-10-20,2015-10-26,2
20151013,TX,36.47,16.50,15.14,18.00,12.47,1.42,2015-10-13,2015-10-19,2
20151006,TX,29.69,21.87,23.77,14.49,10.17,0.00,2015-10-06,2015-10-12,2
20150929,TX,34.51,27.17,20.77,11.29,6.27,0.00,2015-09-29,2015-10-05,2
20150922,TX,40.26,29.33,16.36,9.33,4.72,0.00,2015-09-22,2015-09-28,2
20150915,TX,48.76,24.52,16.26,6.54,3.92,0.00,2015-09-15,2015-09-21,2
20150908,TX,52.56,20.30,13.91,10.73,2.50,0.00,2015-09-08,2015-09-14,2
20150901,TX,58.06,17.18,14.77,8.67,1.32,0.00,2015-09-01,2015-09-07,2
20150825,TX,59.34,17.13,17.15,6.37,0.00,0.00,2015-08-25,2015-08-31,2
20150818,TX,57.67,17.05,16.91,8.37,0.00,0.00,2015-08-18,2015-08-24,2
20150811,TX,60.87,20.65,14.21,4.27,0.00,0.00,2015-08-11,2015-08-17,2
20150804,TX,72.34,23.06,4.42,0.18,0.00,0.00,2015-08-04,2015-08-10,2
20150728,TX,86.45,12.90,0.65,0.00,0.00,0.00,2015-07-28,2015-08-03,2
20150721,TX,95.82,4.18,0.00,0.00,0.00,0.00,2015-07-21,2015-07-27,2
20150714,TX,97.16,2.84,0.00,0.00,0.00,0.00,2015-07-14,2015-07-20,2
20150707,TX,95.37,4.38,0.25,0.00,0.00,0.00,2015-07-07,2015-07-13,2
20150630,TX,95.37,4.38,0.25,0.00,0.00,0.00,2015-06-30,2015-07-06,2
20150623,TX,95.37,4.38,0.25,0.00,0.00,0.00,2015-06-23,2015-06-29,2
20150616,TX,93.19,6.52,0.29,0.00,0.00,0.00,2015-06-16,2015-06-22,2
20150609,TX,92.07,7.40,0.53,0.00,0.00,0.00,2015-06-09,2015-06-15,2
20150602,TX,90.82,8.55,0.64,0.00,0.00,0.00,2015-06-02,2015-06-08,2
20150526,TX,82.11,12.50,5.40,0.00,0.00,0.00,2015-05-26,2015-06-01,2
20150519,TX,70.11,14.52,12.08,3.29,0.00,0.00,2015-05-19,2015-05-25,2
20150512,TX,64.42,12.83,15.06,5.76,1.93,0.00,2015-05-12,2015-05-18,2
20150505,TX,59.67,10.78,14.04,10.03,3.62,1.86,2015-05-05,2015-05-11,2
20150428,TX,58.89,10.40,14.88,10.26,3.55,2.02,2015-04-28,2015-05-04,2
20150421,TX,55.48,9.96,12.63,12.59,6.80,2.55,2015-04-21,2015-04-27,2
20150414,TX,52.88,11.87,10.60,9.74,11.57,3.34,2015-04-14,2015-04-20,2
20150407,TX,51.15,12.48,10.98,9.94,11.58,3.87,2015-04-07,2015-04-13,2
20150331,TX,50.74,12.65,11.18,10.34,11.79,3.32,2015-03-31,2015-04-06,2
20150324,TX,49.50,14.14,11.44,11.25,10.35,3.32,2015-03-24,2015-03-30,2
20150317,TX,43.46,16.61,12.82,12.63,11.51,2.97,2015-03-17,2015-03-23,2
20150310,TX,42.15,16.80,15.16,13.14,9.78,2.97,2015-03-10,2015-03-16,2
20150303,TX,38.77,18.21,16.13,13.60,9.92,3.37,2015-03-03,2015-03-09,2
20150224,TX,38.35,18.26,15.53,13.52,9.88,4.46,2015-02-24,2015-03-02,2
20150217,TX,39.21,17.40,15.58,13.89,9.46,4.46,2015-02-17,2015-02-23,2
20150210,TX,43.29,17.51,14.49,11.50,8.75,4.46,2015-02-10,2015-02-16,2
20150203,TX,43.52,17.91,15.81,11.52,8.43,2.82,2015-02-03,2015-02-09,2
20150127,TX,41.41,19.36,15.29,12.69,8.19,3.06,2015-01-27,2015-02-02,2
20150120,TX,39.79,19.56,15.90,13.40,8.29,3.06,2015-01-20,2015-01-26,2
20150113,TX,39.79,19.87,16.85,12.46,8.13,2.90,2015-01-13,2015-01-19,2
20150106,TX,38.95,19.24,17.75,13.35,8.25,2.48,2015-01-06,2015-01-12,2
20141230,TX,34.37,20.95,18.95,14.03,8.53,3.17,2014-12-30,2015-01-05,2
20141223,TX,34.31,22.26,20.07,12.99,7.39,2.97,2014-12-23,2014-12-29,2
20141216,TX,33.17,22.92,20.50,13.36,7.48,2.57,2014-12-16,2014-12-22,2
20141209,TX,33.63,22.98,20.07,13.27,7.48,2.57,2014-12-09,2014-12-15,2
20141202,TX,34.05,22.66,21.24,12.55,6.93,2.57,2014-12-02,2014-12-08,2
20141125,TX,34.11,23.32,20.52,12.55,6.93,2.57,2014-11-25,2014-12-01,2
20141118,TX,31.21,24.88,20.02,14.06,6.37,3.45,2014-11-18,2014-11-24,2
20141111,TX,30.29,25.80,20.02,14.06,6.37,3.45,2014-11-11,2014-11-17,2
20141104,TX,26.33,25.19,20.09,17.58,7.18,3.62,2014-11-04,2014-11-10,2
20141028,TX,24.84,25.96,21.34,15.96,8.27,3.62,2014-10-28,2014-11-03,2
20141021,TX,29.96,21.47,21.06,15.97,8.66,2.88,2014-10-21,2014-10-27,2
20141014,TX,30.96,20.62,20.92,16.53,8.10,2.88,2014-10-14,2014-10-20,2
20141007,TX,29.64,21.08,19.80,17.71,8.91,2.88,2014-10-07,2014-10-13,2
20140930,TX,28.91,22.14,19.41,18.28,8.57,2.69,2014-09-30,2014-10-06,2
20140923,TX,24.37,23.45,23.63,17.16,9.60,1.79,2014-09-23,2014-09-29,2
20140916,TX,17.71,25.46,21.84,21.95,11.25,1.79,2014-09-16,2014-09-22,2
20140909,TX,13.77,28.60,21.36,22.39,12.33,1.54,2014-09-09,2014-09-15,2
20140902,TX,13.25,25.36,23.47,21.74,13.42,2.76,2014-09-02,2014-09-08,2
20140826,TX,16.83,21.92,23.03,21.99,13.47,2.76,2014-08-26,2014-09-01,2
20140819,TX,19.17,21.54,25.05,19.08,12.40,2.76,2014-08-19,2014-08-25,2
20140812,TX,17.26,25.06,21.97,21.65,11.43,2.62,2014-08-12,2014-08-18,2
20140805,TX,17.20,25.92,21.36,21.85,10.82,2.85,2014-08-05,2014-08-11,2
20140729,TX,15.95,25.95,25.14,18.66,11.35,2.94,2014-07-29,2014-08-04,2
20140722,TX,16.57,25.46,24.60,18.39,11.70,3.28,2014-07-22,2014-07-28,2
20140715,TX,12.72,23.91,26.56,18.45,14.59,3.77,2014-07-15,2014-07-21,2
20140708,TX,12.47,26.54,24.51,18.12,13.85,4.51,2014-07-08,2014-07-14,2
20140701,TX,12.86,26.70,23.44,18.48,13.76,4.76,2014-07-01,2014-07-07,2
20140624,TX,11.41,19.60,32.13,17.59,14.33,4.95,2014-06-24,2014-06-30,2
20140617,TX,10.45,18.60,29.65,19.79,14.94,6.57,2014-06-17,2014-06-23,2
20140610,TX,11.28,19.56,23.99,21.94,16.55,6.69,2014-06-10,2014-06-16,2
20140603,TX,8.65,23.14,21.90,19.29,18.35,8.66,2014-06-03,2014-06-09,2
20140527,TX,10.72,18.12,22.00,16.34,22.05,10.76,2014-05-27,2014-06-02,2
20140520,TX,9.82,17.87,16.21,15.76,15.30,25.05,2014-05-20,2014-05-26,2
20140513,TX,8.82,18.13,16.95,16.21,19.15,20.74,2014-05-13,2014-05-19,2
20140506,TX,5.11,11.54,18.22,18.96,24.89,21.29,2014-05-06,2014-05-12,2
20140429,TX,9.88,15.64,21.56,15.05,20.11,17.75,2014-04-29,2014-05-05,2
20140422,TX,13.62,17.70,20.12,15.90,20.12,12.54,2014-04-22,2014-04-28,2
20140415,TX,17.64,16.69,21.52,15.16,18.68,10.31,2014-04-15,2014-04-21,2
20140408,TX,17.48,18.93,23.12,12.86,20.52,7.08,2014-04-08,2014-04-14,2
20140401,TX,15.40,17.79,24.75,14.70,22.94,4.42,2014-04-01,2014-04-07,2
20140325,TX,14.73,17.84,25.58,16.87,21.49,3.48,2014-03-25,2014-03-31,2
20140318,TX,15.24,20.56,31.03,19.12,12.66,1.41,2014-03-18,2014-03-24,2
20140311,TX,15.44,21.76,28.41,22.94,9.96,1.49,2014-03-11,2014-03-17,2
20140304,TX,8.95,23.90,35.77,22.86,7.45,1.07,2014-03-04,2014-03-10,2
20140225,TX,7.38,24.74,34.33,24.09,8.52,0.93,2014-02-25,2014-03-03,2
20140218,TX,11.96,29.84,30.72,18.95,7.82,0.71,2014-02-18,2014-02-24,2
20140211,TX,12.49,33.08,31.46,14.64,7.62,0.71,2014-02-11,2014-02-17,2
20140204,TX,14.95,33.38,29.33,14.40,7.24,0.71,2014-02-04,2014-02-10,2
20140128,TX,19.30,31.33,26.74,15.49,6.35,0.79,2014-01-28,2014-02-03,2
20140121,TX,23.26,31.00,24.15,14.92,5.89,0.79,2014-01-21,2014-01-27,2
20140114,TX,26.18,29.28,22.95,14.92,5.89,0.79,2014-01-14,2014-01-20,2
20140107,TX,28.14,27.97,23.06,15.02,5.03,0.79,2014-01-07,2014-01-13,2
20131231,TX,28.48,27.68,22.69,15.34,5.03,0.79,2013-12-31,2014-01-06,2
20131224,TX,28.30,25.79,23.47,15.66,6.00,0.79,2013-12-24,2013-12-30,2
20131217,TX,25.80,27.40,24.07,16.03,5.54,1.17,2013-12-17,2013-12-23,2
20131210,TX,25.73,29.38,24.06,15.13,4.75,0.96,2013-12-10,2013-12-16,2
20131203,TX,24.58,28.03,26.10,15.46,4.88,0.96,2013-12-03,2013-12-09,2
20131126,TX,23.81,29.02,25.95,15.57,4.70,0.96,2013-11-26,2013-12-02,2
20131119,TX,18.90,30.49,26.15,17.57,6.11,0.78,2013-11-19,2013-11-25,2
20131112,TX,20.35,29.60,26.49,17.31,5.82,0.43,2013-11-12,2013-11-18,2
20131105,TX,20.07,29.43,26.88,18.19,4.94,0.49,2013-11-05,2013-11-11,2
20131029,TX,14.17,27.32,36.11,18.15,4.03,0.23,2013-10-29,2013-11-04,2
20131022,TX,13.16,24.81,39.27,18.57,3.96,0.23,2013-10-22,2013-10-28,2
20131015,TX,9.10,25.64,43.53,18.53,3.07,0.12,2013-10-15,2013-10-21,2
20131008,TX,6.60,22.93,45.06,21.00,4.30,0.12,2013-10-08,2013-10-14,2
20131001,TX,6.61,22.43,45.87,21.08,3.89,0.12,2013-10-01,2013-10-07,2
20130924,TX,6.62,13.78,31.06,40.53,7.74,0.28,2013-09-24,2013-09-30,2
20130917,TX,5.30,8.40,22.24,38.99,23.43,1.65,2013-09-17,2013-09-23,2
20130910,TX,4.14,8.75,21.52,43.81,19.17,2.62,2013-09-10,2013-09-16,2
20130903,TX,4.14,8.77,22.46,45.89,15.80,2.94,2013-09-03,2013-09-09,2
20130827,TX,2.82,9.30,21.76,46.79,16.60,2.74,2013-08-27,2013-09-02,2
20130820,TX,2.82,8.26,22.05,49.07,15.22,2.58,2013-08-20,2013-08-26,2
20130813,TX,2.82,9.28,21.98,45.28,16.81,3.84,2013-08-13,2013-08-19,2
20130806,TX,1.72,9.90,20.69,41.89,19.56,6.24,2013-08-06,2013-08-12,2
20130730,TX,2.83,9.48,22.34,39.39,20.32,5.65,2013-07-30,2013-08-05,2
20130723,TX,0.62,6.84,25.12,39.11,21.96,6.35,2013-07-23,2013-07-29,2
20130716,TX,0.30,5.32,23.38,37.56,21.37,12.07,2013-07-16,2013-07-22,2
20130709,TX,0.58,7.62,16.58,40.52,22.49,12.20,2013-07-09,2013-07-15,2
20130702,TX,1.23,11.64,18.46,36.04,20.43,12.20,2013-07-02,2013-07-08,2
20130625,TX,4.99,11.01,23.42,30.48,18.83,11.27,2013-06-25,2013-07-01,2
20130618,TX,4.76,10.42,26.34,29.05,17.60,11.83,2013-06-18,2013-06-24,2
20130611,TX,5.44,10.39,24.73,27.09,17.51,14.85,2013-06-11,2013-06-17,2
20130604,TX,4.66,7.96,27.79,26.47,16.65,16.47,2013-06-04,2013-06-10,2
20130528,TX,3.49,8.24,27.93,27.89,16.43,16.02,2013-05-28,2013-06-03,2
20130521,TX,2.84,7.46,22.61,31.72,17.36,18.02,2013-05-21,2013-05-27,2
20130514,TX,2.84,6.61,21.85,32.62,24.04,12.05,2013-05-14,2013-05-20,2
20130507,TX,1.45,6.42,19.31,32.24,27.69,12.88,2013-05-07,2013-05-13,2
20130430,TX,1.45,6.56,18.26,37.31,26.33,10.09,2013-04-30,2013-05-06,2
20130423,TX,1.45,6.33,22.18,31.99,26.12,11.93,2013-04-23,2013-04-29,2
20130416,TX,1.29,7.41,19.01,37.48,22.62,12.19,2013-04-16,2013-04-22,2
20130409,TX,0.44,10.12,20.09,39.44,18.34,11.56,2013-04-09,2013-04-15,2
20130402,TX,1.40,10.39,22.77,32.50,21.14,11.81,2013-04-02,2013-04-08,2
20130326,TX,1.40,11.34,25.24,32.28,19.21,10.54,2013-03-26,2013-04-01,2
20130319,TX,3.64,11.34,25.50,31.22,18.43,9.88,2013-03-19,2013-03-25,2
20130312,TX,11.53,11.67,22.76,30.64,14.84,8.57,2013-03-12,2013-03-18,2
20130305,TX,11.15,12.56,20.67,31.76,16.45,7.41,2013-03-05,2013-03-11,2
20130226,TX,11.29,13.60,25.26,27.83,16.85,5.17,2013-02-26,2013-03-04,2
20130219,TX,12.01,14.41,24.53,23.26,17.91,7.89,2013-02-19,2013-02-25,2
20130212,TX,10.84,13.53,25.58,25.22,17.04,7.79,2013-02-12,2013-02-18,2
20130205,TX,9.51,13.23,24.62,28.92,15.93,7.79,2013-02-05,2013-02-11,2
20130129,TX,10.38,13.46,24.95,29.08,15.56,6.57,2013-01-29,2013-02-04,2
20130122,TX,9.48,16.51,23.52,29.27,14.51,6.72,2013-01-22,2013-01-28,2
20130115,TX,9.48,16.51,23.52,29.65,14.13,6.72,2013-01-15,2013-01-21,2
20130108,TX,4.29,11.92,17.93,31.06,23.38,11.41,2013-01-08,2013-01-14,2
20130101,TX,3.04,9.96,21.61,30.36,23.07,11.96,2013-01-01,2013-01-07,2
20121225,TX,4.55,7.15,24.17,29.65,24.17,10.32,2012-12-25,2012-12-31,2
20121218,TX,4.55,7.15,24.17,30.18,24.06,9.89,2012-12-18,2012-12-24,2
20121211,TX,5.91,6.37,22.67,32.83,23.77,8.45,2012-12-11,2012-12-17,2
20121204,TX,6.16,11.64,22.93,31.87,18.95,8.45,2012-12-04,2012-12-10,2
20121127,TX,6.17,13.32,26.04,29.97,16.87,7.63,2012-11-27,2012-12-03,2
20121120,TX,8.65,15.51,26.75,26.03,15.40,7.66,2012-11-20,2012-11-26,2
20121113,TX,10.54,19.86,32.60,18.07,12.79,6.12,2012-11-13,2012-11-19,2
20121106,TX,15.44,24.65,26.35,16.57,12.30,4.68,2012-11-06,2012-11-12,2
20121030,TX,15.36,26.78,26.25,15.38,12.56,3.67,2012-10-30,2012-11-05,2
20121023,TX,14.09,24.34,30.30,15.57,12.50,3.20,2012-10-23,2012-10-29,2
20121016,TX,17.07,20.45,31.21,15.46,12.61,3.20,2012-10-16,2012-10-22,2
20121009,TX,16.49,18.12,33.59,15.92,12.65,3.23,2012-10-09,2012-10-15,2
20121002,TX,16.68,17.34,33.43,16.38,12.94,3.23,2012-10-02,2012-10-08,2
20120925,TX,9.13,12.13,21.32,32.51,19.72,5.18,2012-09-25,2012-10-01,2
20120918,TX,11.27,12.60,24.30,28.92,18.02,4.88,2012-09-18,2012-09-24,2
20120911,TX,7.26,16.24,24.41,28.97,18.33,4.80,2012-09-11,2012-09-17,2
20120904,TX,10.30,17.29,28.21,23.07,17.56,3.57,2012-09-04,2012-09-10,2
20120828,TX,10.20,17.30,32.94,24.69,11.66,3.21,2012-08-28,2012-09-03,2
20120821,TX,11.74,14.65,35.13,24.40,12.90,1.19,2012-08-21,2012-08-27,2
20120814,TX,11.08,10.20,34.69,31.44,11.77,0.82,2012-08-14,2012-08-20,2
20120807,TX,11.39,13.40,35.25,29.10,10.11,0.75,2012-08-07,2012-08-13,2
20120731,TX,11.39,16.96,37.32,23.85,9.72,0.75,2012-07-31,2012-08-06,2
20120724,TX,12.35,17.29,36.20,23.91,9.48,0.78,2012-07-24,2012-07-30,2
20120717,TX,12.39,16.66,37.72,25.06,8.17,0.00,2012-07-17,2012-07-23,2
20120710,TX,4.48,18.29,37.82,30.32,9.09,0.00,2012-07-10,2012-07-16,2
20120703,TX,2.65,20.59,39.97,28.02,8.77,0.00,2012-07-03,2012-07-09,2
20120626,TX,4.08,22.42,39.29,27.00,7.20,0.00,2012-06-26,2012-07-02,2
20120619,TX,10.01,22.51,40.29,20.85,6.34,0.00,2012-06-19,2012-06-25,2
20120612,TX,9.65,21.97,42.04,18.21,7.99,0.15,2012-06-12,2012-06-18,2
20120605,TX,2.45,31.97,38.72,17.62,8.86,0.38,2012-06-05,2012-06-11,2
20120529,TX,2.62,38.19,32.61,16.42,9.43,0.73,2012-05-29,2012-06-04,2
20120522,TX,9.00,33.08,24.37,20.01,12.39,1.15,2012-05-22,2012-05-28,2
20120515,TX,18.50,24.71,23.24,20.01,12.14,1.40,2012-05-15,2012-05-21,2
20120508,TX,17.80,16.27,17.78,24.59,16.19,7.38,2012-05-08,2012-05-14,2
20120501,TX,17.09,16.32,16.89,24.98,16.02,8.70,2012-05-01,2012-05-07,2
20120424,TX,18.60,18.61,16.14,21.22,16.11,9.31,2012-04-24,2012-04-30,2
20120417,TX,18.19,17.98,17.12,19.90,17.16,9.64,2012-04-17,2012-04-23,2
20120410,TX,17.40,17.99,13.06,20.40,17.73,13.42,2012-04-10,2012-04-16,2
20120403,TX,16.55,18.06,12.31,18.27,20.76,14.06,2012-04-03,2012-04-09,2
20120327,TX,12.67,20.25,11.71,18.99,18.46,17.92,2012-03-27,2012-04-02,2
20120320,TX,10.11,8.61,25.18,19.59,18.59,17.92,2012-03-20,2012-03-26,2
20120313,TX,6.99,8.51,17.40,25.48,21.08,20.54,2012-03-13,2012-03-19,2
20120306,TX,6.05,7.38,15.58,29.01,21.34,20.64,2012-03-06,2012-03-12,2
20120228,TX,6.05,8.74,17.73,28.79,23.93,14.76,2012-02-28,2012-03-05,2
20120221,TX,6.05,8.74,17.73,28.79,24.76,13.93,2012-02-21,2012-02-27,2
20120214,TX,4.93,5.99,12.63,23.18,32.86,20.41,2012-02-14,2012-02-20,2
20120207,TX,4.93,5.02,12.59,22.50,31.85,23.12,2012-02-07,2012-02-13,2
20120131,TX,4.93,4.41,9.88,20.99,32.43,27.36,2012-01-31,2012-02-06,2
20120124,TX,0.52,4.40,12.48,20.13,37.20,25.27,2012-01-24,2012-01-30,2
20120117,TX,0.52,4.40,12.48,20.13,37.20,25.27,2012-01-17,2012-01-23,2
20120110,TX,0.52,3.97,12.83,20.22,37.20,25.27,2012-01-10,2012-01-16,2
20120103,TX,0.01,2.15,13.02,17.49,34.92,32.40,2012-01-03,2012-01-09,2
20111227,TX,0.01,2.15,13.02,17.49,34.96,32.36,2011-12-27,2012-01-02,2
20111220,TX,0.01,2.13,13.05,15.46,30.51,38.84,2011-12-20,2011-12-26,2
20111213,TX,0.00,0.17,9.62,13.79,35.13,41.29,2011-12-13,2011-12-19,2
20111206,TX,0.00,0.17,9.50,13.78,33.26,43.29,2011-12-06,2011-12-12,2
20111129,TX,0.00,0.00,5.77,11.56,29.99,52.67,2011-11-29,2011-12-05,2
20111122,TX,0.00,0.00,2.56,10.69,23.78,62.97,2011-11-22,2011-11-28,2
20111115,TX,0.00,0.00,2.43,8.80,23.65,65.11,2011-11-15,2011-11-21,2
20111108,TX,0.00,0.00,1.92,7.77,24.49,65.81,2011-11-08,2011-11-14,2
20111101,TX,0.00,0.00,1.82,7.76,25.46,64.95,2011-11-01,2011-11-07,2
20111025,TX,0.00,0.00,1.66,7.47,21.26,69.61,2011-10-25,2011-10-31,2
20111018,TX,0.00,0.00,1.40,6.72,19.26,72.61,2011-10-18,2011-10-24,2
20111011,TX,0.00,0.00,0.85,7.19,18.83,73.13,2011-10-11,2011-10-17,2
20111004,TX,0.00,0.00,0.84,2.17,9.00,87.99,2011-10-04,2011-10-10,2
20110927,TX,0.00,0.00,0.84,2.51,10.89,85.76,2011-09-27,2011-10-03,2
20110920,TX,0.00,0.00,0.97,2.94,10.66,85.43,2011-09-20,2011-09-26,2
20110913,TX,0.00,0.00,0.83,2.42,8.92,87.83,2011-09-13,2011-09-19,2
20110906,TX,0.00,0.07,0.92,3.32,14.63,81.06,2011-09-06,2011-09-12,2
20110830,TX,0.00,0.08,0.92,3.97,13.96,81.08,2011-08-30,2011-09-05,2
20110823,TX,0.00,0.07,0.91,4.59,16.63,77.80,2011-08-23,2011-08-29,2
20110816,TX,0.07,0.21,1.36,5.58,18.27,74.50,2011-08-16,2011-08-22,2
20110809,TX,0.07,0.45,1.49,3.71,16.01,78.26,2011-08-09,2011-08-15,2
20110802,TX,0.07,0.45,0.81,6.95,18.23,73.50,2011-08-02,2011-08-08,2
20110726,TX,0.00,0.15,2.97,5.23,16.43,75.23,2011-07-26,2011-08-01,2
20110719,TX,0.00,1.04,3.17,4.59,16.04,75.16,2011-07-19,2011-07-25,2
20110712,TX,0.00,2.57,1.65,4.82,19.31,71.66,2011-07-12,2011-07-18,2
20110705,TX,2.41,1.86,1.34,4.17,18.91,71.30,2011-07-05,2011-07-11,2
20110628,TX,2.68,1.61,1.19,3.90,18.30,72.32,2011-06-28,2011-07-04,2
20110621,TX,3.33,0.96,1.19,3.21,20.70,70.61,2011-06-21,2011-06-27,2
20110614,TX,1.98,1.50,1.76,6.20,23.79,64.78,2011-06-14,2011-06-20,2
20110607,TX,1.98,1.50,2.48,8.63,27.58,57.83,2011-06-07,2011-06-13,2
20110531,TX,2.25,1.68,4.17,10.81,30.43,50.65,2011-05-31,2011-06-06,2
20110524,TX,2.30,1.93,3.81,13.48,34.51,43.97,2011-05-24,2011-05-30,2
20110517,TX,0.00,2.99,4.61,12.39,32.14,47.87,2011-05-17,2011-05-23,2
20110510,TX,0.00,2.22,3.90,11.83,34.50,47.55,2011-05-10,2011-05-16,2
20110503,TX,0.00,1.14,4.87,20.25,47.78,25.96,2011-05-03,2011-05-09,2
20110426,TX,0.00,0.00,5.03,24.54,53.26,17.16,2011-04-26,2011-05-02,2
20110419,TX,0.00,0.00,8.48,23.55,52.98,14.99,2011-04-19,2011-04-25,2
20110412,TX,0.00,2.06,11.51,25.86,50.54,10.03,2011-04-12,2011-04-18,2
20110405,TX,0.00,2.01,11.48,26.36,55.33,4.82,2011-04-05,2011-04-11,2
20110329,TX,0.00,5.13,16.33,35.47,43.07,0.00,2011-03-29,2011-04-04,2
20110322,TX,1.70,6.25,27.99,35.08,28.98,0.00,2011-03-22,2011-03-28,2
20110315,TX,3.23,13.01,26.77,39.86,17.13,0.00,2011-03-15,2011-03-21,2
20110308,TX,8.31,13.70,24.34,39.48,14.16,0.00,2011-03-08,2011-03-14,2
20110301,TX,4.99,22.10,26.57,33.62,12.72,0.00,2011-03-01,2011-03-07,2
20110222,TX,5.08,25.17,24.50,32.61,12.64,0.00,2011-02-22,2011-02-28,2
20110215,TX,12.52,29.37,20.77,29.57,7.78,0.00,2011-02-15,2011-02-21,2
20110208,TX,15.72,27.13,19.80,29.57,7.78,0.00,2011-02-08,2011-02-14,2
20110201,TX,19.47,27.53,17.89,28.18,6.93,0.00,2011-02-01,2011-02-07,2
20110125,TX,19.47,27.53,21.44,22.91,8.66,0.00,2011-01-25,2011-01-31,2
20110118,TX,23.28,25.30,25.80,18.32,7.30,0.00,2011-01-18,2011-01-24,2
20110111,TX,20.16,20.71,33.77,15.88,9.48,0.00,2011-01-11,2011-01-17,2
20110104,TX,13.54,19.77,30.38,23.26,13.04,0.00,2011-01-04,2011-01-10,2
20101228,TX,7.89,22.68,31.98,27.87,9.59,0.00,2010-12-28,2011-01-03,2
20101221,TX,13.61,12.71,35.28,28.75,9.66,0.00,2010-12-21,2010-12-27,2
20101214,TX,14.39,29.10,26.43,24.89,5.20,0.00,2010-12-14,2010-12-20,2
20101207,TX,14.93,31.91,26.68,22.68,3.80,0.00,2010-12-07,2010-12-13,2
20101130,TX,29.55,37.94,18.23,13.47,0.81,0.00,2010-11-30,2010-12-06,2
20101123,TX,43.84,31.07,19.55,5.54,0.00,0.00,2010-11-23,2010-11-29,2
20101116,TX,43.84,31.07,20.26,4.83,0.00,0.00,2010-11-16,2010-11-22,2
20101109,TX,51.82,26.63,16.71,4.83,0.00,0.00,2010-11-09,2010-11-15,2
20101102,TX,47.54,33.62,16.47,2.37,0.00,0.00,2010-11-02,2010-11-08,2
20101026,TX,57.82,21.71,17.32,3.07,0.08,0.00,2010-10-26,2010-11-01,2
20101019,TX,53.55,36.97,8.52,0.89,0.08,0.00,2010-10-19,2010-10-25,2
20101012,TX,72.27,23.94,2.76,1.01,0.02,0.00,2010-10-12,2010-10-18,2
20101005,TX,75.60,21.96,1.42,1.00,0.02,0.00,2010-10-05,2010-10-11,2
20100928,TX,75.56,22.00,1.45,0.99,0.00,0.00,2010-09-28,2010-10-04,2
20100921,TX,77.29,19.37,2.37,0.97,0.00,0.00,2010-09-21,2010-09-27,2
20100914,TX,77.93,18.71,2.40,0.97,0.00,0.00,2010-09-14,2010-09-20,2
20100907,TX,69.59,25.16,3.74,1.51,0.00,0.00,2010-09-07,2010-09-13,2
20100831,TX,51.29,37.21,10.83,0.68,0.00,0.00,2010-08-31,2010-09-06,2
20100824,TX,75.50,18.98,4.84,0.68,0.00,0.00,2010-08-24,2010-08-30,2
20100817,TX,84.97,10.52,3.82,0.68,0.00,0.00,2010-08-17,2010-08-23,2
20100810,TX,90.68,6.87,2.22,0.22,0.00,0.00,2010-08-10,2010-08-16,2
20100803,TX,89.46,8.09,2.22,0.22,0.00,0.00,2010-08-03,2010-08-09,2
20100727,TX,89.01,8.26,2.30,0.44,0.00,0.00,2010-07-27,2010-08-02,2
20100720,TX,82.43,10.20,6.76,0.61,0.00,0.00,2010-07-20,2010-07-26,2
20100713,TX,82.85,9.79,5.68,1.67,0.00,0.00,2010-07-13,2010-07-19,2
20100706,TX,82.85,9.79,5.68,1.67,0.00,0.00,2010-07-06,2010-07-12,2
20100629,TX,71.21,14.78,10.05,3.96,0.00,0.00,2010-06-29,2010-07-05,2
20100622,TX,51.78,35.22,13.00,0.00,0.00,0.00,2010-06-22,2010-06-28,2
20100615,TX,83.39,15.60,1.02,0.00,0.00,0.00,2010-06-15,2010-06-21,2
20100608,TX,76.75,16.21,7.04,0.00,0.00,0.00,2010-06-08,2010-06-14,2
20100601,TX,72.71,17.75,9.54,0.00,0.00,0.00,2010-06-01,2010-06-07,2
20100525,TX,86.10,8.64,5.26,0.00,0.00,0.00,2010-05-25,2010-05-31,2
20100518,TX,90.07,6.41,3.51,0.00,0.00,0.00,2010-05-18,2010-05-24,2
20100511,TX,83.85,12.72,3.44,0.00,0.00,0.00,2010-05-11,2010-05-17,2
20100504,TX,89.19,10.49,0.32,0.00,0.00,0.00,2010-05-04,2010-05-10,2
20100427,TX,96.94,3.06,0.00,0.00,0.00,0.00,2010-04-27,2010-05-03,2
20100420,TX,96.94,3.06,0.00,0.00,0.00,0.00,2010-04-20,2010-04-26,2
20100413,TX,95.85,4.15,0.00,0.00,0.00,0.00,2010-04-13,2010-04-19,2
20100406,TX,95.87,4.13,0.00,0.00,0.00,0.00,2010-04-06,2010-04-12,2
20100330,TX,96.51,3.49,0.00,0.00,0.00,0.00,2010-03-30,2010-04-05,2
20100323,TX,96.51,3.49,0.00,0.00,0.00,0.00,2010-03-23,2010-03-29,2
20100316,TX,96.51,3.49,0.00,0.00,0.00,0.00,2010-03-16,2010-03-22,2
20100309,TX,96.51,3.49,0.00,0.00,0.00,0.00,2010-03-09,2010-03-15,2
20100302,TX,96.37,3.63,0.00,0.00,0.00,0.00,2010-03-02,2010-03-08,2
20100223,TX,93.60,6.40,0.00,0.00,0.00,0.00,2010-02-23,2010-03-01,2
20100216,TX,93.43,6.57,0.00,0.00,0.00,0.00,2010-02-16,2010-02-22,2
20100209,TX,92.77,6.80,0.43,0.00,0.00,0.00,2010-02-09,2010-02-15,2
20100202,TX,83.85,11.92,3.83,0.40,0.00,0.00,2010-02-02,2010-02-08,2
20100126,TX,74.25,20.03,3.90,1.82,0.00,0.00,2010-01-26,2010-02-01,2
20100119,TX,73.91,20.12,3.94,2.03,0.00,0.00,2010-01-19,2010-01-25,2
20100112,TX,73.06,19.96,4.67,2.31,0.00,0.00,2010-01-12,2010-01-18,2
20100105,TX,72.90,20.12,4.67,2.31,0.00,0.00,2010-01-05,2010-01-11,2
20091229,TX,72.90,20.12,4.67,2.31,0.00,0.00,2009-12-29,2010-01-04,2
20091222,TX,72.27,19.59,5.82,2.31,0.00,0.00,2009-12-22,2009-12-28,2
20091215,TX,71.78,19.75,3.91,4.56,0.00,0.00,2009-12-15,2009-12-21,2
20091208,TX,71.22,18.07,4.83,3.83,2.06,0.00,2009-12-08,2009-12-14,2
20091201,TX,66.04,21.85,6.22,2.96,2.93,0.00,2009-12-01,2009-12-07,2
20091124,TX,65.97,20.74,6.70,2.91,3.02,0.65,2009-11-24,2009-11-30,2
20091117,TX,75.16,10.14,6.00,4.36,3.45,0.89,2009-11-17,2009-11-23,2
20091110,TX,75.16,10.14,6.00,4.36,3.45,0.89,2009-11-10,2009-11-16,2
20091103,TX,75.37,10.65,5.28,4.36,3.45,0.89,2009-11-03,2009-11-09,2
20091027,TX,73.64,11.61,6.06,4.35,3.45,0.89,2009-10-27,2009-11-02,2
20091020,TX,65.03,14.13,7.12,6.87,5.38,1.46,2009-10-20,2009-10-26,2
20091013,TX,68.88,10.32,7.45,7.11,4.78,1.46,2009-10-13,2009-10-19,2
20091006,TX,66.07,11.55,7.87,7.73,5.31,1.46,2009-10-06,2009-10-12,2
20090929,TX,63.80,8.40,5.86,9.64,9.18,3.14,2009-09-29,2009-10-05,2
20090922,TX,62.52,9.03,5.60,7.34,11.73,3.79,2009-09-22,2009-09-28,2
20090915,TX,60.66,8.72,5.41,9.39,12.46,3.37,2009-09-15,2009-09-21,2
20090908,TX,51.49,12.70,7.30,3.58,8.86,16.07,2009-09-08,2009-09-14,2
20090901,TX,48.31,16.34,6.52,2.36,9.12,17.34,2009-09-01,2009-09-07,2
20090825,TX,47.62,16.68,6.88,2.36,7.65,18.82,2009-08-25,2009-08-31,2
20090818,TX,49.94,14.78,6.39,2.18,8.59,18.12,2009-08-18,2009-08-24,2
20090811,TX,49.98,15.95,5.17,2.30,9.78,16.82,2009-08-11,2009-08-17,2
20090804,TX,49.98,15.95,5.17,2.30,9.78,16.82,2009-08-04,2009-08-10,2
20090728,TX,38.95,22.92,7.98,5.46,5.96,18.73,2009-07-28,2009-08-03,2
20090721,TX,32.29,28.99,9.11,4.96,8.16,16.49,2009-07-21,2009-07-27,2
20090714,TX,31.83,27.79,10.37,5.28,6.85,17.89,2009-07-14,2009-07-20,2
20090707,TX,37.66,22.97,10.58,6.44,8.29,14.06,2009-07-07,2009-07-13,2
20090630,TX,28.19,33.38,10.52,7.90,8.91,11.11,2009-06-30,2009-07-06,2
20090623,TX,29.74,31.35,14.81,8.62,7.27,8.21,2009-06-23,2009-06-29,2
20090616,TX,27.01,27.50,17.63,11.32,8.89,7.65,2009-06-16,2009-06-22,2
20090609,TX,28.95,24.88,17.28,11.40,9.83,7.65,2009-06-09,2009-06-15,2
20090602,TX,36.56,19.15,15.90,11.81,10.07,6.51,2009-06-02,2009-06-08,2
20090526,TX,32.91,19.31,16.22,14.19,10.64,6.72,2009-05-26,2009-06-01,2
20090519,TX,31.87,16.24,15.61,15.82,11.97,8.50,2009-05-19,2009-05-25,2
20090512,TX,31.16,18.30,12.51,14.34,8.79,14.89,2009-05-12,2009-05-18,2
20090505,TX,28.16,18.16,14.46,17.61,11.89,9.73,2009-05-05,2009-05-11,2
20090428,TX,24.57,19.09,14.77,20.18,11.65,9.73,2009-04-28,2009-05-04,2
20090421,TX,22.05,17.45,14.61,23.16,11.52,11.21,2009-04-21,2009-04-27,2
20090414,TX,14.91,16.91,17.57,25.49,13.62,11.50,2009-04-14,2009-04-20,2
20090407,TX,6.69,14.17,25.64,28.87,17.55,7.08,2009-04-07,2009-04-13,2
20090331,TX,6.69,12.72,32.28,23.68,17.55,7.08,2009-03-31,2009-04-06,2
20090324,TX,0.00,19.35,36.70,22.39,14.48,7.08,2009-03-24,2009-03-30,2
20090317,TX,0.00,29.03,27.08,24.09,12.73,7.08,2009-03-17,2009-03-23,2
20090310,TX,0.00,15.70,38.46,23.41,12.85,9.59,2009-03-10,2009-03-16,2
20090303,TX,0.00,25.43,30.14,22.75,12.10,9.59,2009-03-03,2009-03-09,2
20090224,TX,3.17,31.30,22.47,23.12,11.38,8.56,2009-02-24,2009-03-02,2
20090217,TX,4.14,34.04,18.76,23.12,11.38,8.56,2009-02-17,2009-02-23,2
20090210,TX,2.64,27.90,25.62,24.26,11.96,7.61,2009-02-10,2009-02-16,2
20090203,TX,4.55,28.66,24.23,22.98,12.91,6.66,2009-02-03,2009-02-09,2
20090127,TX,11.61,26.24,24.60,21.07,12.32,4.15,2009-01-27,2009-02-02,2
20090120,TX,26.86,27.30,23.62,6.18,11.88,4.15,2009-01-20,2009-01-26,2
20090113,TX,28.95,28.03,22.44,5.53,10.90,4.15,2009-01-13,2009-01-19,2
20090106,TX,41.66,33.82,9.56,5.89,4.92,4.15,2009-01-06,2009-01-12,2
20081230,TX,48.06,27.42,9.56,5.89,4.92,4.15,2008-12-30,2009-01-05,2
20081223,TX,47.65,27.79,9.60,5.89,4.92,4.15,2008-12-23,2008-12-29,2
20081216,TX,52.89,22.55,9.60,5.89,4.92,4.15,2008-12-16,2008-12-22,2
20081209,TX,52.89,22.55,9.60,6.85,4.92,3.20,2008-12-09,2008-12-15,2
20081202,TX,53.01,22.45,10.30,6.77,6.22,1.25,2008-12-02,2008-12-08,2
20081125,TX,57.82,17.92,10.02,7.11,7.13,0.00,2008-11-25,2008-12-01,2
20081118,TX,59.52,18.46,7.97,7.85,6.20,0.00,2008-11-18,2008-11-24,2
20081111,TX,59.15,18.43,7.90,7.72,6.79,0.00,2008-11-11,2008-11-17,2
20081104,TX,52.88,23.49,8.43,8.40,6.79,0.00,2008-11-04,2008-11-10,2
20081028,TX,61.11,16.54,7.16,10.15,5.04,0.00,2008-10-28,2008-11-03,2
20081021,TX,71.25,11.10,5.91,7.23,4.51,0.00,2008-10-21,2008-10-27,2
20081014,TX,70.09,12.19,6.59,6.63,4.51,0.00,2008-10-14,2008-10-20,2
20081007,TX,67.23,12.31,9.48,7.34,3.64,0.00,2008-10-07,2008-10-13,2
20080930,TX,67.05,12.84,10.59,5.89,3.64,0.00,2008-09-30,2008-10-06,2
20080923,TX,68.19,10.56,11.51,6.96,2.78,0.00,2008-09-23,2008-09-29,2
20080916,TX,69.01,10.05,12.63,5.92,2.40,0.00,2008-09-16,2008-09-22,2
20080909,TX,52.89,22.01,15.10,7.01,2.99,0.00,2008-09-09,2008-09-15,2
20080902,TX,43.17,30.37,16.17,7.18,3.11,0.00,2008-09-02,2008-09-08,2
20080826,TX,41.23,30.65,15.09,9.93,3.11,0.00,2008-08-26,2008-09-01,2
20080819,TX,31.72,27.66,19.05,14.29,7.28,0.00,2008-08-19,2008-08-25,2
20080812,TX,17.02,25.65,23.72,13.26,16.30,4.05,2008-08-12,2008-08-18,2
20080805,TX,13.29,22.20,29.01,15.89,16.44,3.16,2008-08-05,2008-08-11,2
20080729,TX,14.28,17.51,31.86,16.75,16.44,3.16,2008-07-29,2008-08-04,2
20080722,TX,13.36,21.05,26.52,16.74,16.27,6.06,2008-07-22,2008-07-28,2
20080715,TX,12.02,24.02,24.97,18.18,16.37,4.44,2008-07-15,2008-07-21,2
20080708,TX,12.37,23.66,19.03,22.35,17.98,4.60,2008-07-08,2008-07-14,2
20080701,TX,8.03,26.64,20.93,19.52,20.67,4.22,2008-07-01,2008-07-07,2
20080624,TX,4.86,21.69,25.06,20.64,27.33,0.42,2008-06-24,2008-06-30,2
20080617,TX,4.86,12.03,33.47,23.85,25.29,0.50,2008-06-17,2008-06-23,2
20080610,TX,7.78,40.86,17.66,27.17,6.53,0.00,2008-06-10,2008-06-16,2
20080603,TX,37.89,17.23,16.25,27.08,1.54,0.00,2008-06-03,2008-06-09,2
20080527,TX,41.18,14.73,20.11,22.44,1.54,0.00,2008-05-27,2008-06-02,2
20080520,TX,47.16,10.77,21.78,18.36,1.93,0.00,2008-05-20,2008-05-26,2
20080513,TX,46.70,16.65,12.39,17.37,6.88,0.00,2008-05-13,2008-05-19,2
20080506,TX,41.43,19.88,14.44,17.37,6.88,0.00,2008-05-06,2008-05-12,2
20080429,TX,37.55,17.28,13.33,21.30,7.22,3.32,2008-04-29,2008-05-05,2
20080422,TX,37.17,19.26,25.13,7.90,7.22,3.32,2008-04-22,2008-04-28,2
20080415,TX,36.16,18.81,26.59,7.90,7.22,3.32,2008-04-15,2008-04-21,2
20080408,TX,27.87,25.40,32.83,3.95,9.95,0.00,2008-04-08,2008-04-14,2
20080401,TX,33.78,22.17,32.74,7.39,3.92,0.00,2008-04-01,2008-04-07,2
20080325,TX,33.78,21.64,33.28,7.39,3.92,0.00,2008-03-25,2008-03-31,2
20080318,TX,30.59,12.55,41.09,11.86,3.92,0.00,2008-03-18,2008-03-24,2
20080311,TX,33.15,27.12,15.28,20.54,3.92,0.00,2008-03-11,2008-03-17,2
20080304,TX,25.86,28.88,20.04,23.20,2.01,0.00,2008-03-04,2008-03-10,2
20080226,TX,28.97,26.85,24.85,17.32,2.01,0.00,2008-02-26,2008-03-03,2
20080219,TX,28.34,30.68,26.19,13.27,1.52,0.00,2008-02-19,2008-02-25,2
20080212,TX,14.74,45.58,27.83,11.85,0.00,0.00,2008-02-12,2008-02-18,2
20080205,TX,17.10,53.50,23.50,5.90,0.00,0.00,2008-02-05,2008-02-11,2
20080129,TX,23.92,51.21,24.87,0.00,0.00,0.00,2008-01-29,2008-02-04,2
20080122,TX,32.39,42.73,24.87,0.00,0.00,0.00,2008-01-22,2008-01-28,2
20080115,TX,29.16,43.70,27.14,0.00,0.00,0.00,2008-01-15,2008-01-21,2
20080108,TX,35.69,47.37,16.95,0.00,0.00,0.00,2008-01-08,2008-01-14,2
20080101,TX,51.99,36.45,11.57,0.00,0.00,0.00,2008-01-01,2008-01-07,2
20071225,TX,64.53,31.66,3.81,0.00,0.00,0.00,2007-12-25,2007-12-31,2
20071218,TX,64.53,31.66,3.81,0.00,0.00,0.00,2007-12-18,2007-12-24,2
20071211,TX,47.92,46.18,5.90,0.00,0.00,0.00,2007-12-11,2007-12-17,2
20071204,TX,41.93,52.18,5.90,0.00,0.00,0.00,2007-12-04,2007-12-10,2
20071127,TX,64.12,32.02,3.86,0.00,0.00,0.00,2007-11-27,2007-12-03,2
20071120,TX,28.48,67.70,3.82,0.00,0.00,0.00,2007-11-20,2007-11-26,2
20071113,TX,51.35,48.65,0.00,0.00,0.00,0.00,2007-11-13,2007-11-19,2
20071106,TX,79.14,20.85,0.00,0.00,0.00,0.00,2007-11-06,2007-11-12,2
20071030,TX,93.18,6.82,0.00,0.00,0.00,0.00,2007-10-30,2007-11-05,2
20071023,TX,95.12,4.88,0.00,0.00,0.00,0.00,2007-10-23,2007-10-29,2
20071016,TX,95.11,4.89,0.00,0.00,0.00,0.00,2007-10-16,2007-10-22,2
20071009,TX,95.85,4.15,0.00,0.00,0.00,0.00,2007-10-09,2007-10-15,2
20071002,TX,97.89,2.11,0.00,0.00,0.00,0.00,2007-10-02,2007-10-08,2
20070925,TX,98.31,1.69,0.00,0.00,0.00,0.00,2007-09-25,2007-10-01,2
20070918,TX,98.31,1.69,0.00,0.00,0.00,0.00,2007-09-18,2007-09-24,2
20070911,TX,98.27,1.73,0.00,0.00,0.00,0.00,2007-09-11,2007-09-17,2
20070904,TX,98.22,1.78,0.00,0.00,0.00,0.00,2007-09-04,2007-09-10,2
20070828,TX,98.05,1.95,0.00,0.00,0.00,0.00,2007-08-28,2007-09-03,2
20070821,TX,98.23,1.77,0.00,0.00,0.00,0.00,2007-08-21,2007-08-27,2
20070814,TX,99.93,0.07,0.00,0.00,0.00,0.00,2007-08-14,2007-08-20,2
20070807,TX,99.93,0.07,0.00,0.00,0.00,0.00,2007-08-07,2007-08-13,2
20070731,TX,99.93,0.07,0.00,0.00,0.00,0.00,2007-07-31,2007-08-06,2
20070724,TX,99.93,0.07,0.00,0.00,0.00,0.00,2007-07-24,2007-07-30,2
20070717,TX,99.93,0.07,0.00,0.00,0.00,0.00,2007-07-17,2007-07-23,2
20070710,TX,99.26,0.74,0.00,0.00,0.00,0.00,2007-07-10,2007-07-16,2
20070703,TX,99.25,0.75,0.00,0.00,0.00,0.00,2007-07-03,2007-07-09,2
20070626,TX,99.27,0.73,0.00,0.00,0.00,0.00,2007-06-26,2007-07-02,2
20070619,TX,97.62,2.38,0.00,0.00,0.00,0.00,2007-06-19,2007-06-25,2
20070612,TX,96.83,3.17,0.00,0.00,0.00,0.00,2007-06-12,2007-06-18,2
20070605,TX,96.83,3.17,0.00,0.00,0.00,0.00,2007-06-05,2007-06-11,2
20070529,TX,96.68,3.32,0.00,0.00,0.00,0.00,2007-05-29,2007-06-04,2
20070522,TX,96.01,3.99,0.00,0.00,0.00,0.00,2007-05-22,2007-05-28,2
20070515,TX,96.03,3.97,0.00,0.00,0.00,0.00,2007-05-15,2007-05-21,2
20070508,TX,95.85,4.15,0.00,0.00,0.00,0.00,2007-05-08,2007-05-14,2
20070501,TX,93.91,4.98,1.11,0.00,0.00,0.00,2007-05-01,2007-05-07,2
20070424,TX,84.73,14.17,1.11,0.00,0.00,0.00,2007-04-24,2007-04-30,2
20070417,TX,86.97,10.52,2.51,0.00,0.00,0.00,2007-04-17,2007-04-23,2
20070410,TX,85.87,11.62,2.51,0.00,0.00,0.00,2007-04-10,2007-04-16,2
20070403,TX,83.81,12.98,3.21,0.00,0.00,0.00,2007-04-03,2007-04-09,2
20070327,TX,53.90,22.16,9.78,11.03,3.13,0.00,2007-03-27,2007-04-02,2
20070320,TX,51.07,20.41,9.54,6.91,10.00,2.07,2007-03-20,2007-03-26,2
20070313,TX,50.23,21.00,9.69,7.01,10.00,2.07,2007-03-13,2007-03-19,2
20070306,TX,45.09,23.96,9.35,5.70,13.83,2.07,2007-03-06,2007-03-12,2
20070227,TX,52.99,16.06,9.35,5.70,13.83,2.07,2007-02-27,2007-03-05,2
20070220,TX,52.59,16.46,9.35,5.70,13.83,2.07,2007-02-20,2007-02-26,2
20070213,TX,52.59,16.26,9.25,5.60,13.77,2.54,2007-02-13,2007-02-19,2
20070206,TX,51.26,15.28,12.33,8.17,10.56,2.38,2007-02-06,2007-02-12,2
20070130,TX,51.26,15.28,12.33,8.17,10.56,2.38,2007-01-30,2007-02-05,2
20070123,TX,46.49,18.01,12.32,9.63,11.17,2.38,2007-01-23,2007-01-29,2
20070116,TX,32.90,21.03,17.52,12.86,12.21,3.48,2007-01-16,2007-01-22,2
20070109,TX,29.82,17.83,18.40,15.97,14.20,3.77,2007-01-09,2007-01-15,2
20070102,TX,24.12,22.10,16.10,18.55,15.35,3.77,2007-01-02,2007-01-08,2
20061226,TX,23.51,22.30,15.33,19.74,15.35,3.77,2006-12-26,2007-01-01,2
20061219,TX,22.47,22.98,15.72,19.92,15.13,3.77,2006-12-19,2006-12-25,2
20061212,TX,27.79,17.70,15.68,19.92,15.13,3.77,2006-12-12,2006-12-18,2
20061205,TX,26.54,17.95,16.17,20.02,19.31,0.00,2006-12-05,2006-12-11,2
20061128,TX,39.29,8.03,11.87,11.24,29.56,0.00,2006-11-28,2006-12-04,2
20061121,TX,40.31,9.74,11.46,19.75,18.73,0.00,2006-11-21,2006-11-27,2
20061114,TX,41.44,9.14,10.97,23.77,14.68,0.00,2006-11-14,2006-11-20,2
20061107,TX,41.44,9.14,10.97,23.77,14.68,0.00,2006-11-07,2006-11-13,2
20061031,TX,41.44,9.14,10.13,21.20,18.09,0.00,2006-10-31,2006-11-06,2
20061024,TX,40.62,9.01,10.09,22.19,18.09,0.00,2006-10-24,2006-10-30,2
20061017,TX,37.88,11.92,10.13,22.09,15.57,2.41,2006-10-17,2006-10-23,2
20061010,TX,26.27,17.34,11.71,23.75,19.04,1.88,2006-10-10,2006-10-16,2
20061003,TX,27.30,16.71,12.25,22.39,19.71,1.64,2006-10-03,2006-10-09,2
20060926,TX,27.04,16.97,12.73,22.97,18.65,1.64,2006-09-26,2006-10-02,2
20060919,TX,27.03,16.98,12.73,22.97,18.34,1.95,2006-09-19,2006-09-25,2
20060912,TX,26.14,9.79,9.51,13.05,28.38,13.13,2006-09-12,2006-09-18,2
20060905,TX,19.94,10.29,15.05,13.21,29.76,11.75,2006-09-05,2006-09-11,2
20060829,TX,9.88,10.16,13.43,19.09,31.50,15.95,2006-08-29,2006-09-04,2
20060822,TX,9.10,8.70,9.31,26.52,32.21,14.16,2006-08-22,2006-08-28,2
20060815,TX,9.16,7.31,9.15,32.08,31.31,11.00,2006-08-15,2006-08-21,2
20060808,TX,9.07,7.25,14.49,26.83,32.70,9.66,2006-08-08,2006-08-14,2
20060801,TX,8.58,5.56,15.64,30.02,33.46,6.75,2006-08-01,2006-08-07,2
20060725,TX,7.50,3.46,18.40,34.74,30.19,5.71,2006-07-25,2006-07-31,2
20060718,TX,5.51,3.10,28.56,39.80,18.55,4.48,2006-07-18,2006-07-24,2
20060711,TX,6.25,2.36,37.59,33.38,17.70,2.72,2006-07-11,2006-07-17,2
20060704,TX,3.61,4.39,37.71,30.41,20.51,3.36,2006-07-04,2006-07-10,2
20060627,TX,1.51,3.69,40.58,32.06,16.29,5.86,2006-06-27,2006-07-03,2
20060620,TX,1.28,3.93,40.58,31.04,17.32,5.86,2006-06-20,2006-06-26,2
20060613,TX,0.00,3.35,41.96,31.51,17.32,5.86,2006-06-13,2006-06-19,2
20060606,TX,0.00,19.76,34.28,22.06,18.04,5.86,2006-06-06,2006-06-12,2
20060530,TX,0.00,24.21,39.73,17.56,11.35,7.15,2006-05-30,2006-06-05,2
20060523,TX,14.01,26.32,24.90,12.24,14.67,7.86,2006-05-23,2006-05-29,2
20060516,TX,13.31,39.42,12.60,12.69,14.11,7.86,2006-05-16,2006-05-22,2
20060509,TX,13.31,39.13,11.98,12.37,10.60,12.61,2006-05-09,2006-05-15,2
20060502,TX,4.52,9.52,34.53,25.15,12.31,13.97,2006-05-02,2006-05-08,2
20060425,TX,4.77,7.91,23.50,37.52,12.34,13.97,2006-04-25,2006-05-01,2
20060418,TX,4.77,5.53,15.85,48.26,11.21,14.39,2006-04-18,2006-04-24,2
20060411,TX,4.77,5.92,20.28,50.11,6.22,12.70,2006-04-11,2006-04-17,2
20060404,TX,5.61,5.44,20.27,48.96,7.01,12.70,2006-04-04,2006-04-10,2
20060328,TX,4.35,6.23,17.06,50.94,8.71,12.70,2006-03-28,2006-04-03,2
20060321,TX,0.94,8.21,18.51,41.76,17.89,12.70,2006-03-21,2006-03-27,2
20060314,TX,1.16,2.00,19.79,28.46,35.39,13.21,2006-03-14,2006-03-20,2
20060307,TX,1.25,1.84,25.83,28.62,35.13,7.33,2006-03-07,2006-03-13,2
20060228,TX,1.29,1.79,26.08,28.38,35.13,7.33,2006-02-28,2006-03-06,2
20060221,TX,1.27,1.89,27.92,32.91,31.96,4.04,2006-02-21,2006-02-27,2
20060214,TX,1.27,1.87,31.81,31.03,29.97,4.04,2006-02-14,2006-02-20,2
20060207,TX,0.00,1.59,39.17,28.10,26.32,4.82,2006-02-07,2006-02-13,2
20060131,TX,0.00,17.35,33.88,19.17,25.50,4.10,2006-01-31,2006-02-06,2
20060124,TX,0.00,30.23,24.50,15.63,22.56,7.09,2006-01-24,2006-01-30,2
20060117,TX,0.00,31.11,30.22,15.10,17.70,5.86,2006-01-17,2006-01-23,2
20060110,TX,12.38,21.97,26.88,15.20,18.94,4.63,2006-01-10,2006-01-16,2
20060103,TX,12.38,25.51,23.37,17.12,17.47,4.15,2006-01-03,2006-01-09,2
20051227,TX,15.77,23.98,23.06,18.10,15.79,3.30,2005-12-27,2006-01-02,2
20051220,TX,15.77,23.98,23.06,18.10,15.79,3.30,2005-12-20,2005-12-26,2
20051213,TX,16.03,22.80,26.55,26.13,8.49,0.00,2005-12-13,2005-12-19,2
20051206,TX,22.42,18.02,28.17,25.02,6.36,0.00,2005-12-06,2005-12-12,2
20051129,TX,22.42,25.79,21.21,25.62,4.96,0.00,2005-11-29,2005-12-05,2
20051122,TX,34.40,19.37,17.07,25.33,3.82,0.00,2005-11-22,2005-11-28,2
20051115,TX,34.40,19.31,23.03,19.43,3.82,0.00,2005-11-15,2005-11-21,2
20051108,TX,36.53,22.37,35.07,3.18,2.85,0.00,2005-11-08,2005-11-14,2
20051101,TX,36.53,26.59,30.88,3.75,2.25,0.00,2005-11-01,2005-11-07,2
20051025,TX,36.58,29.93,27.70,3.53,2.25,0.00,2005-10-25,2005-10-31,2
20051018,TX,51.01,23.40,19.81,5.78,0.00,0.00,2005-10-18,2005-10-24,2
20051011,TX,46.26,24.53,21.43,7.78,0.00,0.00,2005-10-11,2005-10-17,2
20051004,TX,39.03,32.68,21.92,6.37,0.00,0.00,2005-10-04,2005-10-10,2
20050927,TX,54.95,20.90,17.77,6.37,0.00,0.00,2005-09-27,2005-10-03,2
20050920,TX,55.87,18.52,16.89,7.42,1.29,0.00,2005-09-20,2005-09-26,2
20050913,TX,55.87,23.98,12.25,6.77,1.12,0.00,2005-09-13,2005-09-19,2
20050906,TX,68.18,11.40,10.05,9.24,1.12,0.00,2005-09-06,2005-09-12,2
20050830,TX,68.09,11.50,10.05,9.24,1.12,0.00,2005-08-30,2005-09-05,2
20050823,TX,69.70,10.18,9.76,9.24,1.12,0.00,2005-08-23,2005-08-29,2
20050816,TX,70.74,8.78,9.77,9.59,1.12,0.00,2005-08-16,2005-08-22,2
20050809,TX,55.62,17.05,16.10,8.71,2.51,0.00,2005-08-09,2005-08-15,2
20050802,TX,42.05,20.07,22.94,11.63,3.32,0.00,2005-08-02,2005-08-08,2
20050726,TX,37.16,22.84,24.84,11.82,3.33,0.00,2005-07-26,2005-08-01,2
20050719,TX,38.04,11.83,30.41,15.35,4.37,0.00,2005-07-19,2005-07-25,2
20050712,TX,37.32,7.93,29.51,19.23,6.01,0.00,2005-07-12,2005-07-18,2
20050705,TX,30.74,12.90,31.04,20.89,4.42,0.00,2005-07-05,2005-07-11,2
20050628,TX,35.21,28.66,22.29,9.23,4.62,0.00,2005-06-28,2005-07-04,2
20050621,TX,56.16,21.82,12.86,9.16,0.00,0.00,2005-06-21,2005-06-27,2
20050614,TX,67.28,15.93,9.97,6.82,0.00,0.00,2005-06-14,2005-06-20,2
20050607,TX,71.47,14.79,7.27,6.47,0.00,0.00,2005-06-07,2005-06-13,2
20050531,TX,68.15,20.96,8.00,2.88,0.00,0.00,2005-05-31,2005-06-06,2
20050524,TX,61.10,28.37,7.59,2.93,0.00,0.00,2005-05-24,2005-05-30,2
20050517,TX,65.73,26.04,6.41,1.82,0.00,0.00,2005-05-17,2005-05-23,2
20050510,TX,52.34,40.20,6.76,0.71,0.00,0.00,2005-05-10,2005-05-16,2
20050503,TX,28.68,64.81,6.51,0.00,0.00,0.00,2005-05-03,2005-05-09,2
20050426,TX,85.57,10.69,3.74,0.00,0.00,0.00,2005-04-26,2005-05-02,2
20050419,TX,94.44,3.66,1.90,0.00,0.00,0.00,2005-04-19,2005-04-25,2
20050412,TX,94.45,4.18,1.37,0.00,0.00,0.00,2005-04-12,2005-04-18,2
20050405,TX,94.07,5.93,0.00,0.00,0.00,0.00,2005-04-05,2005-04-11,2
20050329,TX,96.07,3.93,0.00,0.00,0.00,0.00,2005-03-29,2005-04-04,2
20050322,TX,94.46,5.54,0.00,0.00,0.00,0.00,2005-03-22,2005-03-28,2
20050315,TX,94.64,5.36,0.00,0.00,0.00,0.00,2005-03-15,2005-03-21,2
20050308,TX,94.64,5.36,0.00,0.00,0.00,0.00,2005-03-08,2005-03-14,2
20050301,TX,100.00,0.00,0.00,0.00,0.00,0.00,2005-03-01,2005-03-07,2
20050222,TX,100.00,0.00,0.00,0.00,0.00,0.00,2005-02-22,2005-02-28,2
20050215,TX,100.00,0.00,0.00,0.00,0.00,0.00,2005-02-15,2005-02-21,2
20050208,TX,99.95,0.05,0.00,0.00,0.00,0.00,2005-02-08,2005-02-14,2
20050201,TX,99.95,0.05,0.00,0.00,0.00,0.00,2005-02-01,2005-02-07,2
20050125,TX,99.95,0.05,0.00,0.00,0.00,0.00,2005-01-25,2005-01-31,2
20050118,TX,99.96,0.04,0.00,0.00,0.00,0.00,2005-01-18,2005-01-24,2
20050111,TX,99.96,0.04,0.00,0.00,0.00,0.00,2005-01-11,2005-01-17,2
20050104,TX,99.96,0.04,0.00,0.00,0.00,0.00,2005-01-04,2005-01-10,2
20041228,TX,99.96,0.04,0.00,0.00,0.00,0.00,2004-12-28,2005-01-03,2
20041221,TX,99.96,0.04,0.00,0.00,0.00,0.00,2004-12-21,2004-12-27,2
20041214,TX,99.96,0.04,0.00,0.00,0.00,0.00,2004-12-14,2004-12-20,2
20041207,TX,99.96,0.04,0.00,0.00,0.00,0.00,2004-12-07,2004-12-13,2
20041130,TX,99.96,0.04,0.00,0.00,0.00,0.00,2004-11-30,2004-12-06,2
20041123,TX,99.97,0.03,0.00,0.00,0.00,0.00,2004-11-23,2004-11-29,2
20041116,TX,99.97,0.03,0.00,0.00,0.00,0.00,2004-11-16,2004-11-22,2
20041109,TX,99.65,0.33,0.03,0.00,0.00,0.00,2004-11-09,2004-11-15,2
20041102,TX,99.65,0.33,0.03,0.00,0.00,0.00,2004-11-02,2004-11-08,2
20041026,TX,99.67,0.30,0.03,0.00,0.00,0.00,2004-10-26,2004-11-01,2
20041019,TX,99.67,0.30,0.03,0.00,0.00,0.00,2004-10-19,2004-10-25,2
20041012,TX,99.67,0.30,0.03,0.00,0.00,0.00,2004-10-12,2004-10-18,2
20041005,TX,98.06,1.70,0.24,0.00,0.00,0.00,2004-10-05,2004-10-11,2
20040928,TX,97.80,1.96,0.24,0.00,0.00,0.00,2004-09-28,2004-10-04,2
20040921,TX,96.65,3.11,0.24,0.00,0.00,0.00,2004-09-21,2004-09-27,2
20040914,TX,96.96,2.80,0.24,0.00,0.00,0.00,2004-09-14,2004-09-20,2
20040907,TX,97.74,2.02,0.24,0.00,0.00,0.00,2004-09-07,2004-09-13,2
20040831,TX,97.81,1.95,0.24,0.00,0.00,0.00,2004-08-31,2004-09-06,2
20040824,TX,97.89,1.87,0.24,0.00,0.00,0.00,2004-08-24,2004-08-30,2
20040817,TX,96.35,3.41,0.24,0.00,0.00,0.00,2004-08-17,2004-08-23,2
20040810,TX,93.06,4.79,1.92,0.23,0.00,0.00,2004-08-10,2004-08-16,2
20040803,TX,90.22,7.51,1.81,0.46,0.00,0.00,2004-08-03,2004-08-09,2
20040727,TX,90.41,7.32,1.82,0.46,0.00,0.00,2004-07-27,2004-08-02,2
20040720,TX,79.18,17.70,2.66,0.46,0.00,0.00,2004-07-20,2004-07-26,2
20040713,TX,81.90,15.03,2.61,0.46,0.00,0.00,2004-07-13,2004-07-19,2
20040706,TX,79.77,14.43,4.34,1.46,0.00,0.00,2004-07-06,2004-07-12,2
20040629,TX,79.89,14.37,4.29,1.45,0.00,0.00,2004-06-29,2004-07-05,2
20040622,TX,70.49,21.27,6.79,1.45,0.00,0.00,2004-06-22,2004-06-28,2
20040615,TX,61.44,24.52,12.57,1.47,0.00,0.00,2004-06-15,2004-06-21,2
20040608,TX,55.24,31.18,12.11,1.47,0.00,0.00,2004-06-08,2004-06-14,2
20040601,TX,42.30,43.08,13.43,1.19,0.00,0.00,2004-06-01,2004-06-07,2
20040525,TX,55.14,39.28,4.37,1.22,0.00,0.00,2004-05-25,2004-05-31,2
20040518,TX,86.44,10.21,2.13,1.22,0.00,0.00,2004-05-18,2004-05-24,2
20040511,TX,88.40,8.25,2.13,1.22,0.00,0.00,2004-05-11,2004-05-17,2
20040504,TX,89.24,7.40,2.13,1.22,0.00,0.00,2004-05-04,2004-05-10,2
20040427,TX,88.46,8.18,2.13,1.22,0.00,0.00,2004-04-27,2004-05-03,2
20040420,TX,83.10,11.03,4.64,1.22,0.00,0.00,2004-04-20,2004-04-26,2
20040413,TX,83.70,10.44,4.64,1.22,0.00,0.00,2004-04-13,2004-04-19,2
20040406,TX,83.68,9.72,3.62,2.96,0.02,0.00,2004-04-06,2004-04-12,2
20040330,TX,70.66,17.53,5.66,3.60,2.45,0.09,2004-03-30,2004-04-05,2
20040323,TX,70.66,17.53,5.66,3.60,2.45,0.09,2004-03-23,2004-03-29,2
20040316,TX,70.80,17.39,5.66,3.38,2.67,0.09,2004-03-16,2004-03-22,2
20040309,TX,68.90,15.02,7.34,5.98,2.67,0.09,2004-03-09,2004-03-15,2
20040302,TX,66.71,12.15,11.18,6.90,2.98,0.09,2004-03-02,2004-03-08,2
20040224,TX,59.56,8.98,13.62,10.49,6.37,0.98,2004-02-24,2004-03-01,2
20040217,TX,53.92,12.54,15.70,10.49,6.37,0.98,2004-02-17,2004-02-23,2
20040210,TX,53.27,13.18,14.75,11.46,6.37,0.98,2004-02-10,2004-02-16,2
20040203,TX,53.55,12.89,14.75,11.46,6.37,0.98,2004-02-03,2004-02-09,2
20040127,TX,53.55,12.89,14.75,11.46,6.37,0.98,2004-01-27,2004-02-02,2
20040120,TX,53.05,14.59,13.55,11.46,7.04,0.31,2004-01-20,2004-01-26,2
20040113,TX,32.24,32.32,13.00,8.38,10.81,3.25,2004-01-13,2004-01-19,2
20040106,TX,30.32,32.20,13.29,10.40,10.54,3.25,2004-01-06,2004-01-12,2
20031230,TX,44.82,20.51,12.95,14.17,7.54,0.00,2003-12-30,2004-01-05,2
20031223,TX,46.46,17.74,17.47,11.14,7.18,0.01,2003-12-23,2003-12-29,2
20031216,TX,53.17,12.61,16.08,11.19,6.95,0.00,2003-12-16,2003-12-22,2
20031209,TX,52.23,12.76,17.19,10.99,6.84,0.00,2003-12-09,2003-12-15,2
20031202,TX,55.95,10.23,17.90,9.53,6.40,0.00,2003-12-02,2003-12-08,2
20031125,TX,54.38,10.99,19.21,8.46,6.97,0.00,2003-11-25,2003-12-01,2
20031118,TX,54.05,11.82,18.72,8.72,6.69,0.00,2003-11-18,2003-11-24,2
20031111,TX,50.15,14.49,19.81,8.52,7.03,0.00,2003-11-11,2003-11-17,2
20031104,TX,53.41,19.18,12.96,7.70,6.75,0.00,2003-11-04,2003-11-10,2
20031028,TX,55.49,21.73,10.03,6.63,6.12,0.00,2003-10-28,2003-11-03,2
20031021,TX,63.08,19.88,5.83,6.44,4.77,0.00,2003-10-21,2003-10-27,2
20031014,TX,62.94,19.00,6.35,5.96,5.75,0.00,2003-10-14,2003-10-20,2
20031007,TX,60.90,17.88,9.87,8.15,3.20,0.00,2003-10-07,2003-10-13,2
20030930,TX,58.24,20.35,10.00,8.34,3.06,0.00,2003-09-30,2003-10-06,2
20030923,TX,46.95,26.14,12.71,11.03,3.17,0.00,2003-09-23,2003-09-29,2
20030916,TX,47.07,26.05,12.63,11.13,3.12,0.00,2003-09-16,2003-09-22,2
20030909,TX,36.73,24.07,25.22,13.98,0.00,0.00,2003-09-09,2003-09-15,2
20030902,TX,36.32,23.41,26.19,14.08,0.00,0.00,2003-09-02,2003-09-08,2
20030826,TX,32.10,18.45,16.95,32.50,0.00,0.00,2003-08-26,2003-09-01,2
20030819,TX,31.38,19.35,17.47,31.81,0.00,0.00,2003-08-19,2003-08-25,2
20030812,TX,28.09,19.47,22.64,29.80,0.00,0.00,2003-08-12,2003-08-18,2
20030805,TX,29.58,25.80,24.75,19.87,0.00,0.00,2003-08-05,2003-08-11,2
20030729,TX,43.04,22.38,26.97,7.62,0.00,0.00,2003-07-29,2003-08-04,2
20030722,TX,44.70,41.77,5.38,8.16,0.00,0.00,2003-07-22,2003-07-28,2
20030715,TX,40.07,46.30,4.52,9.12,0.00,0.00,2003-07-15,2003-07-21,2
20030708,TX,64.67,18.86,9.24,7.22,0.00,0.00,2003-07-08,2003-07-14,2
20030701,TX,39.02,28.12,24.19,8.67,0.00,0.00,2003-07-01,2003-07-07,2
20030624,TX,16.69,45.27,24.86,13.18,0.00,0.00,2003-06-24,2003-06-30,2
20030617,TX,10.90,45.32,30.37,13.41,0.00,0.00,2003-06-17,2003-06-23,2
20030610,TX,0.00,33.28,42.72,24.00,0.00,0.00,2003-06-10,2003-06-16,2
20030603,TX,0.00,16.63,57.80,25.57,0.00,0.00,2003-06-03,2003-06-09,2
20030527,TX,0.00,17.52,61.84,20.65,0.00,0.00,2003-05-27,2003-06-02,2
20030520,TX,0.02,13.27,56.88,29.84,0.00,0.00,2003-05-20,2003-05-26,2
20030513,TX,8.39,23.65,67.95,0.00,0.00,0.00,2003-05-13,2003-05-19,2
20030506,TX,9.10,60.26,30.63,0.00,0.00,0.00,2003-05-06,2003-05-12,2
20030429,TX,9.20,86.09,4.71,0.00,0.00,0.00,2003-04-29,2003-05-05,2
20030422,TX,59.87,37.64,2.49,0.00,0.00,0.00,2003-04-22,2003-04-28,2
20030415,TX,59.85,38.08,2.07,0.00,0.00,0.00,2003-04-15,2003-04-21,2
20030408,TX,65.93,31.83,2.24,0.00,0.00,0.00,2003-04-08,2003-04-14,2
20030401,TX,68.12,29.68,2.21,0.00,0.00,0.00,2003-04-01,2003-04-07,2
20030325,TX,69.52,28.12,2.36,0.00,0.00,0.00,2003-03-25,2003-03-31,2
20030318,TX,69.91,27.79,2.30,0.00,0.00,0.00,2003-03-18,2003-03-24,2
20030311,TX,69.42,27.23,3.35,0.00,0.00,0.00,2003-03-11,2003-03-17,2
20030304,TX,89.84,6.85,3.31,0.00,0.00,0.00,2003-03-04,2003-03-10,2
20030225,TX,89.81,6.73,3.46,0.00,0.00,0.00,2003-02-25,2003-03-03,2
20030218,TX,87.47,4.83,7.70,0.00,0.00,0.00,2003-02-18,2003-02-24,2
20030211,TX,87.29,4.98,7.74,0.00,0.00,0.00,2003-02-11,2003-02-17,2
20030204,TX,87.34,4.88,7.78,0.00,0.00,0.00,2003-02-04,2003-02-10,2
20030128,TX,87.33,5.04,7.63,0.00,0.00,0.00,2003-01-28,2003-02-03,2
20030121,TX,87.47,4.89,7.64,0.00,0.00,0.00,2003-01-21,2003-01-27,2
20030114,TX,86.85,5.24,7.91,0.00,0.00,0.00,2003-01-14,2003-01-20,2
20030107,TX,86.56,5.59,7.85,0.00,0.00,0.00,2003-01-07,2003-01-13,2
20021231,TX,86.62,5.64,7.73,0.00,0.00,0.00,2002-12-31,2003-01-06,2
20021224,TX,86.17,5.99,7.84,0.00,0.00,0.00,2002-12-24,2002-12-30,2
20021217,TX,86.07,5.94,8.00,0.00,0.00,0.00,2002-12-17,2002-12-23,2
20021210,TX,86.22,6.05,7.73,0.00,0.00,0.00,2002-12-10,2002-12-16,2
20021203,TX,85.17,7.15,7.68,0.00,0.00,0.00,2002-12-03,2002-12-09,2
20021126,TX,84.95,7.22,7.83,0.00,0.00,0.00,2002-11-26,2002-12-02,2
20021119,TX,85.06,7.18,7.76,0.00,0.00,0.00,2002-11-19,2002-11-25,2
20021112,TX,84.82,7.44,7.74,0.00,0.00,0.00,2002-11-12,2002-11-18,2
20021105,TX,84.91,5.82,9.27,0.00,0.00,0.00,2002-11-05,2002-11-11,2
20021029,TX,83.08,6.22,7.25,3.45,0.00,0.00,2002-10-29,2002-11-04,2
20021022,TX,58.72,25.97,11.13,4.18,0.00,0.00,2002-10-22,2002-10-28,2
20021015,TX,57.12,25.93,12.59,4.36,0.00,0.00,2002-10-15,2002-10-21,2
20021008,TX,44.90,38.00,13.27,3.84,0.00,0.00,2002-10-08,2002-10-14,2
20021001,TX,40.78,35.00,18.16,6.07,0.00,0.00,2002-10-01,2002-10-07,2
20020924,TX,65.39,16.18,11.67,6.76,0.00,0.00,2002-09-24,2002-09-30,2
20020917,TX,62.31,19.18,11.22,7.30,0.00,0.00,2002-09-17,2002-09-23,2
20020910,TX,62.26,18.19,11.93,7.62,0.00,0.00,2002-09-10,2002-09-16,2
20020903,TX,53.19,27.46,16.98,1.21,1.15,0.00,2002-09-03,2002-09-09,2
20020827,TX,65.92,21.01,11.09,0.87,1.10,0.00,2002-08-27,2002-09-02,2
20020820,TX,70.27,17.10,10.58,0.81,1.25,0.00,2002-08-20,2002-08-26,2
20020813,TX,65.30,19.25,13.42,0.87,1.16,0.00,2002-08-13,2002-08-19,2
20020806,TX,64.13,18.42,14.78,1.14,1.53,0.00,2002-08-06,2002-08-12,2
20020730,TX,58.35,20.68,15.67,3.97,1.33,0.00,2002-07-30,2002-08-05,2
20020723,TX,57.45,14.04,19.30,7.59,1.61,0.00,2002-07-23,2002-07-29,2
20020716,TX,63.01,8.98,15.81,8.28,3.92,0.00,2002-07-16,2002-07-22,2
20020709,TX,55.38,16.24,12.34,11.18,4.86,0.00,2002-07-09,2002-07-15,2
20020702,TX,39.16,23.94,10.40,16.05,9.53,0.92,2002-07-02,2002-07-08,2
20020625,TX,27.95,22.83,19.58,19.37,9.32,0.95,2002-06-25,2002-07-01,2
20020618,TX,29.72,19.87,24.96,16.97,8.48,0.00,2002-06-18,2002-06-24,2
20020611,TX,21.17,21.70,31.14,17.67,8.32,0.00,2002-06-11,2002-06-17,2
20020604,TX,22.40,25.38,28.10,16.05,8.06,0.00,2002-06-04,2002-06-10,2
20020528,TX,27.61,15.00,32.40,15.91,9.08,0.00,2002-05-28,2002-06-03,2
20020521,TX,26.81,15.81,31.70,15.93,9.74,0.00,2002-05-21,2002-05-27,2
20020514,TX,27.23,15.27,33.61,15.47,8.44,0.00,2002-05-14,2002-05-20,2
20020507,TX,28.38,38.03,14.86,12.36,6.38,0.00,2002-05-07,2002-05-13,2
20020430,TX,42.37,27.87,12.24,11.08,6.44,0.00,2002-04-30,2002-05-06,2
20020423,TX,41.50,29.02,12.20,11.00,6.28,0.00,2002-04-23,2002-04-29,2
20020416,TX,58.27,12.31,14.08,11.70,3.64,0.00,2002-04-16,2002-04-22,2
20020409,TX,51.72,14.61,17.72,12.26,3.70,0.00,2002-04-09,2002-04-15,2
20020402,TX,43.86,18.21,22.97,11.03,3.94,0.00,2002-04-02,2002-04-08,2
20020326,TX,33.24,27.84,22.76,12.24,3.92,0.00,2002-03-26,2002-04-01,2
20020319,TX,33.62,28.64,22.71,11.15,3.88,0.00,2002-03-19,2002-03-25,2
20020312,TX,31.26,31.16,22.64,11.09,3.85,0.00,2002-03-12,2002-03-18,2
20020305,TX,50.46,21.13,13.64,10.94,3.83,0.00,2002-03-05,2002-03-11,2
20020226,TX,56.42,16.94,13.23,9.68,3.73,0.00,2002-02-26,2002-03-04,2
20020219,TX,63.25,10.15,13.05,7.24,6.30,0.00,2002-02-19,2002-02-25,2
20020212,TX,63.19,10.35,12.54,4.81,9.11,0.00,2002-02-12,2002-02-18,2
20020205,TX,55.52,15.18,11.76,6.47,11.07,0.00,2002-02-05,2002-02-11,2
20020129,TX,52.42,11.27,18.56,6.58,11.16,0.00,2002-01-29,2002-02-04,2
20020122,TX,52.77,10.71,18.64,6.88,11.01,0.00,2002-01-22,2002-01-28,2
20020115,TX,53.25,10.26,18.69,6.65,11.14,0.00,2002-01-15,2002-01-21,2
20020108,TX,52.86,10.59,18.68,6.71,11.16,0.00,2002-01-08,2002-01-14,2
20020101,TX,52.54,10.95,18.75,6.59,11.17,0.00,2002-01-01,2002-01-07,2
20011225,TX,52.75,8.84,20.69,6.76,10.97,0.00,2001-12-25,2001-12-31,2
20011218,TX,52.75,8.84,20.75,6.70,10.97,0.00,2001-12-18,2001-12-24,2
20011211,TX,51.65,8.72,21.96,6.40,11.27,0.00,2001-12-11,2001-12-17,2
20011204,TX,49.62,6.95,25.76,6.40,11.27,0.00,2001-12-04,2001-12-10,2
20011127,TX,47.31,9.79,25.23,6.29,11.38,0.00,2001-11-27,2001-12-03,2
20011120,TX,47.31,8.57,21.46,11.28,11.38,0.00,2001-11-20,2001-11-26,2
20011113,TX,41.30,7.81,23.28,12.70,14.91,0.00,2001-11-13,2001-11-19,2
20011106,TX,41.30,7.81,25.18,10.80,14.91,0.00,2001-11-06,2001-11-12,2
20011030,TX,41.30,9.31,27.81,21.59,0.00,0.00,2001-10-30,2001-11-05,2
20011023,TX,42.92,10.27,26.11,20.71,0.00,0.00,2001-10-23,2001-10-29,2
20011016,TX,46.39,20.68,16.69,16.25,0.00,0.00,2001-10-16,2001-10-22,2
20011009,TX,46.96,20.22,18.13,14.69,0.00,0.00,2001-10-09,2001-10-15,2
20011002,TX,48.75,18.44,18.13,14.69,0.00,0.00,2001-10-02,2001-10-08,2
20010925,TX,48.75,18.44,18.13,14.69,0.00,0.00,2001-09-25,2001-10-01,2
20010918,TX,43.45,22.98,18.88,14.69,0.00,0.00,2001-09-18,2001-09-24,2
20010911,TX,40.89,22.60,21.82,14.69,0.00,0.00,2001-09-11,2001-09-17,2
20010904,TX,31.93,29.39,27.71,10.97,0.00,0.00,2001-09-04,2001-09-10,2
20010828,TX,15.38,27.18,35.45,20.72,1.27,0.00,2001-08-28,2001-09-03,2
20010821,TX,14.74,19.82,38.79,25.53,1.12,0.00,2001-08-21,2001-08-27,2
20010814,TX,13.54,16.98,40.22,27.79,1.47,0.00,2001-08-14,2001-08-20,2
20010807,TX,6.15,10.98,44.62,33.40,4.85,0.00,2001-08-07,2001-08-13,2
20010731,TX,8.94,16.86,43.47,27.15,3.57,0.00,2001-07-31,2001-08-06,2
20010724,TX,11.21,33.88,32.01,21.42,1.47,0.00,2001-07-24,2001-07-30,2
20010717,TX,19.83,36.71,25.38,18.09,0.00,0.00,2001-07-17,2001-07-23,2
20010710,TX,34.68,27.03,30.24,8.05,0.00,0.00,2001-07-10,2001-07-16,2
20010703,TX,40.27,24.19,27.49,8.05,0.00,0.00,2001-07-03,2001-07-09,2
20010626,TX,29.86,45.78,17.05,7.30,0.00,0.00,2001-06-26,2001-07-02,2
20010619,TX,46.27,31.24,15.18,7.30,0.00,0.00,2001-06-19,2001-06-25,2
20010612,TX,62.02,22.93,11.40,3.65,0.00,0.00,2001-06-12,2001-06-18,2
20010605,TX,70.78,16.88,9.05,3.29,0.00,0.00,2001-06-05,2001-06-11,2
20010529,TX,70.32,17.34,9.05,3.29,0.00,0.00,2001-05-29,2001-06-04,2
20010522,TX,70.32,16.96,9.44,3.29,0.00,0.00,2001-05-22,2001-05-28,2
20010515,TX,70.40,16.88,10.72,2.00,0.00,0.00,2001-05-15,2001-05-21,2
20010508,TX,70.40,16.31,11.30,2.00,0.00,0.00,2001-05-08,2001-05-14,2
20010501,TX,67.39,19.50,11.11,2.00,0.00,0.00,2001-05-01,2001-05-07,2
20010424,TX,69.02,17.56,11.43,2.00,0.00,0.00,2001-04-24,2001-04-30,2
20010417,TX,69.02,17.56,11.43,2.00,0.00,0.00,2001-04-17,2001-04-23,2
20010410,TX,72.42,14.11,11.04,2.43,0.00,0.00,2001-04-10,2001-04-16,2
20010403,TX,73.40,14.05,10.11,2.43,0.00,0.00,2001-04-03,2001-04-09,2
20010327,TX,73.10,14.36,10.11,2.43,0.00,0.00,2001-03-27,2001-04-02,2
20010320,TX,70.09,17.36,10.11,2.43,0.00,0.00,2001-03-20,2001-03-26,2
20010313,TX,70.09,17.36,10.11,2.43,0.00,0.00,2001-03-13,2001-03-19,2
20010306,TX,70.18,17.27,10.11,2.43,0.00,0.00,2001-03-06,2001-03-12,2
20010227,TX,70.45,18.30,8.82,2.43,0.00,0.00,2001-02-27,2001-03-05,2
20010220,TX,71.26,17.49,8.82,2.43,0.00,0.00,2001-02-20,2001-02-26,2
20010213,TX,70.54,18.21,8.82,2.43,0.00,0.00,2001-02-13,2001-02-19,2
20010206,TX,70.54,18.21,8.82,2.43,0.00,0.00,2001-02-06,2001-02-12,2
20010130,TX,68.52,18.12,10.93,2.43,0.00,0.00,2001-01-30,2001-02-05,2
20010123,TX,67.52,18.21,12.28,1.99,0.00,0.00,2001-01-23,2001-01-29,2
20010116,TX,62.64,22.42,13.26,1.68,0.00,0.00,2001-01-16,2001-01-22,2
20010109,TX,62.64,22.42,13.26,1.68,0.00,0.00,2001-01-09,2001-01-15,2
20010102,TX,62.64,22.42,13.26,1.68,0.00,0.00,2001-01-02,2001-01-08,2
20001226,TX,62.64,22.42,13.26,1.68,0.00,0.00,2000-12-26,2001-01-01,2
20001219,TX,61.36,21.02,15.94,1.68,0.00,0.00,2000-12-19,2000-12-25,2
20001212,TX,61.41,21.45,15.46,1.68,0.00,0.00,2000-12-12,2000-12-18,2
20001205,TX,61.41,21.45,15.46,1.68,0.00,0.00,2000-12-05,2000-12-11,2
20001128,TX,55.13,27.73,15.46,1.68,0.00,0.00,2000-11-28,2000-12-04,2
20001121,TX,53.28,29.57,15.46,1.68,0.00,0.00,2000-11-21,2000-11-27,2
20001114,TX,50.33,28.46,18.89,2.32,0.00,0.00,2000-11-14,2000-11-20,2
20001107,TX,53.14,27.15,17.45,2.26,0.00,0.00,2000-11-07,2000-11-13,2
20001031,TX,2.84,10.97,61.98,20.35,3.86,0.00,2000-10-31,2000-11-06,2
20001024,TX,0.06,8.89,66.42,16.72,7.93,0.00,2000-10-24,2000-10-30,2
20001017,TX,0.00,0.06,33.00,51.00,15.95,0.00,2000-10-17,2000-10-23,2
20001010,TX,0.00,0.19,27.32,53.22,19.27,0.00,2000-10-10,2000-10-16,2
20001003,TX,0.00,0.19,12.17,71.56,16.08,0.00,2000-10-03,2000-10-09,2
20000926,TX,0.00,0.19,12.30,71.43,16.08,0.00,2000-09-26,2000-10-02,2
20000919,TX,0.19,0.54,8.57,71.52,16.90,2.27,2000-09-19,2000-09-25,2
20000912,TX,0.19,0.54,10.70,66.07,20.22,2.27,2000-09-12,2000-09-18,2
20000905,TX,0.19,3.83,31.68,46.02,16.01,2.27,2000-09-05,2000-09-11,2
20000829,TX,0.19,29.30,33.35,28.29,8.87,0.00,2000-08-29,2000-09-04,2
20000822,TX,16.20,25.89,33.74,20.65,3.53,0.00,2000-08-22,2000-08-28,2
20000815,TX,15.74,32.21,28.97,23.08,0.00,0.00,2000-08-15,2000-08-21,2
20000808,TX,19.46,32.48,31.88,16.17,0.00,0.00,2000-08-08,2000-08-14,2
20000801,TX,21.82,35.09,33.39,9.70,0.00,0.00,2000-08-01,2000-08-07,2
20000725,TX,22.90,45.33,25.87,5.90,0.00,0.00,2000-07-25,2000-07-31,2
20000718,TX,22.90,55.19,20.12,1.79,0.00,0.00,2000-07-18,2000-07-24,2
20000711,TX,41.83,46.17,10.21,1.79,0.00,0.00,2000-07-11,2000-07-17,2
20000704,TX,50.74,37.26,12.00,0.00,0.00,0.00,2000-07-04,2000-07-10,2
20000627,TX,43.18,22.20,24.61,10.02,0.00,0.00,2000-06-27,2000-07-03,2
20000620,TX,52.59,13.14,12.68,4.11,17.48,0.00,2000-06-20,2000-06-26,2
20000613,TX,52.01,13.73,10.62,4.96,18.69,0.00,2000-06-13,2000-06-19,2
20000606,TX,50.31,15.42,10.62,4.96,18.69,0.00,2000-06-06,2000-06-12,2
20000530,TX,29.96,16.14,18.02,14.47,21.42,0.00,2000-05-30,2000-06-05,2
20000523,TX,28.28,23.35,12.47,18.11,17.78,0.00,2000-05-23,2000-05-29,2
20000516,TX,16.81,20.78,22.97,23.10,16.35,0.00,2000-05-16,2000-05-22,2
20000509,TX,17.01,20.75,23.15,25.19,13.89,0.00,2000-05-09,2000-05-15,2
20000502,TX,17.02,15.17,28.62,25.30,13.89,0.00,2000-05-02,2000-05-08,2
20000425,TX,14.53,17.66,18.83,35.49,13.49,0.00,2000-04-25,2000-05-01,2
20000418,TX,13.87,17.57,19.66,48.89,0.00,0.00,2000-04-18,2000-04-24,2
20000411,TX,12.64,17.15,19.36,50.85,0.00,0.00,2000-04-11,2000-04-17,2
20000404,TX,10.41,20.40,17.46,51.73,0.00,0.00,2000-04-04,2000-04-10,2
20000328,TX,8.38,16.84,24.50,50.28,0.00,0.00,2000-03-28,2000-04-03,2
20000321,TX,0.00,8.05,21.03,70.92,0.00,0.00,2000-03-21,2000-03-27,2
20000314,TX,0.00,5.37,19.57,75.06,0.00,0.00,2000-03-14,2000-03-20,2
20000307,TX,0.00,5.81,19.13,75.06,0.00,0.00,2000-03-07,2000-03-13,2
20000229,TX,0.00,3.95,21.23,74.82,0.00,0.00,2000-02-29,2000-03-06,2
20000222,TX,0.00,14.05,28.42,57.53,0.00,0.00,2000-02-22,2000-02-28,2
20000215,TX,0.00,14.85,29.02,56.13,0.00,0.00,2000-02-15,2000-02-21,2
20000208,TX,0.00,18.39,25.48,56.13,0.00,0.00,2000-02-08,2000-02-14,2
20000201,TX,0.00,18.39,25.48,56.13,0.00,0.00,2000-02-01,2000-02-07,2
20000125,TX,0.00,25.15,23.29,51.56,0.00,0.00,2000-01-25,2000-01-31,2
20000118,TX,0.00,25.15,23.29,51.56,0.00,0.00,2000-01-18,2000-01-24,2
20000111,TX,0.17,24.98,23.29,51.56,0.00,0.00,2000-01-11,2000-01-17,2
20000104,TX,2.56,23.71,22.18,51.55,0.00,0.00,2000-01-04,2000-01-10,2
